project_code,project_name,building_name,address_line,city,unit_number,rooms,area_sqm,has_mamad,tenancy_start,tenancy_end,tenancy_status,terms_profile,party_kind,national_id,full_name,preferred_language,role,is_service_contact,phone,contact_from,contact_to
LOD-2024-03,לוד — הרצל,בניין הרצל 8,הרצל 8,לוד — מרשם בדיקה,3,4,92.5,yes,2025-09-01,2027-08-31,ACTIVE,נספח תחזוקה — מרשם בדיקה,PERSON,071500001,דנה כהן,he,PRIMARY_TENANT,yes,058-201-0001,2025-09-01,
LOD-2024-03,לוד — הרצל,בניין הרצל 8,הרצל 8,לוד — מרשם בדיקה,3,4,92.5,yes,2025-09-01,2027-08-31,ACTIVE,נספח תחזוקה — מרשם בדיקה,PERSON,071500002,יואב כהן,he,CO_TENANT,yes,+972 58 201 0002,2025-09-01,
LOD-2024-03,לוד — הרצל,בניין הרצל 8,הרצל 8,לוד — מרשם בדיקה,3,4,92.5,yes,2025-09-01,2027-08-31,ACTIVE,נספח תחזוקה — מרשם בדיקה,PERSON,071500003,מרים כהן,he,GUARANTOR,no,0582010003,2025-09-01,
LOD-2024-03,לוד — הרצל,בניין הרצל 8,הרצל 8,לוד — מרשם בדיקה,3,4,92.5,yes,2025-09-01,2027-08-31,ACTIVE,נספח תחזוקה — מרשם בדיקה,PERSON,071500004,איתי כהן,he,OCCUPANT,no,058-201-0004,2025-09-01,
LOD-2024-03,לוד — הרצל,בניין הרצל 8,הרצל 8,לוד — מרשם בדיקה,5,3,78,no,2023-01-01,2025-06-30,ENDED,נספח תחזוקה — מרשם בדיקה,PERSON,71500005,אבי לוי,he,PRIMARY_TENANT,yes,058-201-0005,2023-01-01,2025-06-30
LOD-2024-03,לוד — הרצל,בניין הרצל 8,הרצל 8,לוד — מרשם בדיקה,5,3,78,no,2025-07-15,2027-07-14,ACTIVE,נספח תחזוקה — מרשם בדיקה,PERSON,071500006,נור חדאד,ar,PRIMARY_TENANT,yes,058-201-0005,2025-07-15,
LOD-2024-03,לוד — הרצל,בניין הרצל 8,הרצל 8,לוד — מרשם בדיקה,7,5,,yes,2026-02-01,2028-01-31,ACTIVE,נספח תחזוקה — מרשם בדיקה מורחב,COMPANY,515500007,"אלפא שירותים בע""מ",he,PRIMARY_TENANT,yes,03-820-1007,2026-02-01,
,,בניין הדקל 2,הדקל 2,אשקלון — מרשם בדיקה,11,3.5,81.5,yes,2026-01-01,2027-12-31,ACTIVE,נספח תחזוקה — מרשם בדיקה מורחב,PERSON,71500001,דנה כהן,he,PRIMARY_TENANT,yes,058-201-0001,2025-09-01,
,,בניין הדקל 2,הדקל 2,אשקלון — מרשם בדיקה,12,4,,no,2026-10-01,2028-09-30,DRAFT,נספח תחזוקה — מרשם בדיקה,PERSON,071500008,שרה מזרחי,he,PRIMARY_TENANT,yes,058-201-0008,2026-10-01,
